City,Country Code,Latitude,Longitude,Query String
nikolskoye,ru,43.28381661449578,175.75389634441433,"nikolskoye,ru"
juifang,tw,25.88988754926278,123.20500154278102,"juifang,tw"
mys shmidta,ru,80.79559584897831,-170.68365432663614,"mys shmidta,ru"
sentyabrskiy,ru,43.18280627303557,153.04753811944641,"sentyabrskiy,ru"
samusu,ws,-12.912257249977102,-168.24586612837555,"samusu,ws"
abu samrah,qa,20.985939632910544,52.181408853320875,"abu samrah,qa"
codrington,ag,23.84604442334549,-53.008229132134815,"codrington,ag"
mataura,pf,-56.21846292256997,-154.9957828688374,"mataura,pf"
nikolskoye,ru,54.39626142530915,164.05470801577684,"nikolskoye,ru"
illoqqortoormiut,gl,84.52239395515409,-11.607084766366853,"illoqqortoormiut,gl"
mataura,pf,-80.84660775302464,-161.05286605433213,"mataura,pf"
mataura,pf,-54.264898484359954,-161.04905845130958,"mataura,pf"
illoqqortoormiut,gl,87.8146886459891,-16.39263179181893,"illoqqortoormiut,gl"
gat,ly,24.942881631224097,6.39349173895215,"gat,ly"
marzuq,ly,23.095227675392024,16.129656107323257,"marzuq,ly"
constitucion,mx,17.09224272094289,-123.9956155365218,"constitucion,mx"
sentyabrskiy,ru,31.17425730071031,157.20156410096837,"sentyabrskiy,ru"
nikolskoye,ru,50.309274014028944,166.9054580590302,"nikolskoye,ru"
tsabong,bw,-25.966432879187167,22.514558663114457,"tsabong,bw"
lata,sb,-12.230708289307387,166.07815817117756,"lata,sb"
nikolskoye,ru,54.51064186236718,167.96788958329864,"nikolskoye,ru"
belushya guba,ru,87.43543068810231,59.13213373670021,"belushya guba,ru"
mataura,pf,-73.96628733276394,-150.128447209746,"mataura,pf"
bud,no,70.5197713211511,3.503942587340134,"bud,no"
nikolskoye,ru,42.126541773548155,170.75083824534198,"nikolskoye,ru"
mataura,pf,-66.83602051052176,-150.19791663211566,"mataura,pf"
illoqqortoormiut,gl,78.16090712791447,-18.987221721876864,"illoqqortoormiut,gl"
ruatoria,nz,-31.984871117149773,179.53409068807252,"ruatoria,nz"
bur gabo,so,-2.3591749920070555,43.48260568293949,"bur gabo,so"
lolua,tv,-9.641285227596825,172.67515028181623,"lolua,tv"
nikolskoye,ru,49.41518919574409,171.85560263130134,"nikolskoye,ru"
taolanaro,mg,-36.28834942135515,54.03587461870353,"taolanaro,mg"
nara,ml,15.450613628082607,-8.319310119377974,"nara,ml"
attawapiskat,ca,68.34769154519651,-87.45563580756179,"attawapiskat,ca"
taolanaro,mg,-65.7496644744704,66.39137895239284,"taolanaro,mg"
mataura,pf,-66.9545999036399,-142.16124587521506,"mataura,pf"
gurskoye,ru,50.599707401508624,138.68220802372554,"gurskoye,ru"
taolanaro,mg,-49.04266489650645,51.349118839910574,"taolanaro,mg"
malwan,in,15.937130253554415,72.36385312061452,"malwan,in"
mataura,pf,-89.20892857633459,-149.90723106106014,"mataura,pf"
santa cruz de rosales,mx,28.346189904887964,-105.77443434896541,"santa cruz de rosales,mx"
mataura,pf,-85.9325907223219,-154.15278064004772,"mataura,pf"
khasan,ru,39.50849272556687,132.23712432052434,"khasan,ru"
marzuq,ly,23.960585370268433,16.38839297207909,"marzuq,ly"
illoqqortoormiut,gl,89.32684855609739,-21.90590401108122,"illoqqortoormiut,gl"
grand river south east,mu,-19.974113877365397,71.8434169002362,"grand river south east,mu"
mys shmidta,ru,77.39843524455083,-171.56371212352423,"mys shmidta,ru"
malakal,sd,8.934038846453731,32.828698827474085,"malakal,sd"
tucuman,ar,-26.65725341352738,-64.33555353874178,"tucuman,ar"
nikolskoye,ru,33.52135535197097,173.9865207140561,"nikolskoye,ru"
malakal,sd,9.973202333967208,31.588185805758087,"malakal,sd"
kaitangata,nz,-62.49749235599813,176.027166782371,"kaitangata,nz"
taolanaro,mg,-40.26582509990913,50.57998002400603,"taolanaro,mg"
kushmurun,kz,52.909685529432494,64.83308791172834,"kushmurun,kz"
codrington,ag,27.208064446540476,-50.73012410245357,"codrington,ag"
krasnoselkup,ru,62.554334484516005,81.4725430275131,"krasnoselkup,ru"
beian,cn,49.37527833564437,126.50946644100469,"beian,cn"
illoqqortoormiut,gl,83.40090478081896,-32.94517260408438,"illoqqortoormiut,gl"
amapa,br,2.6185302338502368,-47.76313121124059,"amapa,br"
mataura,pf,-31.0584165317294,-148.14996708450337,"mataura,pf"
mataura,pf,-68.10063911228146,-162.99744839333403,"mataura,pf"
tumannyy,ru,79.45053327610168,38.13780227214457,"tumannyy,ru"
sentyabrskiy,ru,27.941400219446734,162.29074068674373,"sentyabrskiy,ru"
avera,pf,-23.77259289120269,-155.70690731821946,"avera,pf"
mataura,pf,-38.51931492223805,-152.64690593517122,"mataura,pf"
belushya guba,ru,89.57315081831464,59.553834328546145,"belushya guba,ru"
zhezkazgan,kz,47.60670383807593,69.19970179423854,"zhezkazgan,kz"
goderich,sl,4.820769291094663,-18.102181144050803,"goderich,sl"
taolanaro,mg,-37.04831449807403,52.77003995877419,"taolanaro,mg"
sentyabrskiy,ru,35.73784269843145,154.55597699764218,"sentyabrskiy,ru"
mataura,pf,-64.28335784448706,-146.2522814122619,"mataura,pf"
illoqqortoormiut,gl,85.44654791280058,-32.33044867145833,"illoqqortoormiut,gl"
mataura,pf,-70.67966856448437,-148.22168999910477,"mataura,pf"
tsihombe,mg,-34.224335313383904,46.11623501171076,"tsihombe,mg"
nizhneyansk,ru,84.02821863266311,140.41500993515166,"nizhneyansk,ru"
gat,ly,24.920706111655335,10.504159520183066,"gat,ly"
taolanaro,mg,-87.98096747913324,64.30124352008599,"taolanaro,mg"
meyungs,pw,15.700936027244225,133.4208294010424,"meyungs,pw"
palabuhanratu,id,-13.242030675656508,105.31326724614064,"palabuhanratu,id"
siwani,in,28.990975327558502,75.44594314970487,"siwani,in"
amderma,ru,86.62346341807219,64.75492657197395,"amderma,ru"
taolanaro,mg,-44.50340078871514,53.18908202860689,"taolanaro,mg"
sentyabrskiy,ru,35.446305742187704,159.95133641273225,"sentyabrskiy,ru"
mataura,pf,-75.00932637584759,-146.84337845709535,"mataura,pf"
taolanaro,mg,-58.65914287978012,59.363231924512974,"taolanaro,mg"
illoqqortoormiut,gl,71.67238669975194,-20.063223218999752,"illoqqortoormiut,gl"
airai,pw,9.681013487879383,143.88035081311773,"airai,pw"
bolungarvik,is,67.56143563747617,-28.650251271908758,"bolungarvik,is"
goderich,sl,6.061570199683231,-17.239804602619927,"goderich,sl"
taolanaro,mg,-67.3987669810965,63.33560628067471,"taolanaro,mg"
mataura,pf,-64.76065670212157,-153.01101808921658,"mataura,pf"
illoqqortoormiut,gl,75.1627784343739,-22.02883724344281,"illoqqortoormiut,gl"
belushya guba,ru,71.77036118350614,53.073397356574844,"belushya guba,ru"
erenhot,cn,44.02291497325359,112.75935706884826,"erenhot,cn"
constitucion,mx,20.968361818440982,-115.121559453184,"constitucion,mx"
wahran,dz,35.03643032686644,-1.0554472153855556,"wahran,dz"
ekhabi,ru,54.71350788169701,147.19281834451232,"ekhabi,ru"
mocambique,mz,-16.074525560921984,43.02729618126142,"mocambique,mz"
piryion,gr,38.10922171376012,25.794393423052014,"piryion,gr"
faya,td,17.896618756949593,20.782303613812473,"faya,td"
tsihombe,mg,-31.57343160199813,45.48278808599986,"tsihombe,mg"
nikolskoye,ru,41.12044625196839,176.8547848572324,"nikolskoye,ru"
lephepe,bw,-22.58926490836251,25.42409727808524,"lephepe,bw"
belushya guba,ru,82.8444787641898,50.55345405963101,"belushya guba,ru"
airai,pw,6.746393430423623,141.48635655453876,"airai,pw"
tabiauea,ki,-0.5885836572346648,166.70633671593544,"tabiauea,ki"
mataura,pf,-48.16485849803061,-152.99463025059333,"mataura,pf"
vaitupu,wf,-0.6650479683302137,-178.9479491217719,"vaitupu,wf"
mataura,pf,-86.87609250952192,-157.53827390651188,"mataura,pf"
mataura,pf,-58.561348404159716,-145.3767995805548,"mataura,pf"
belushya guba,ru,78.10786173355484,56.89333710200921,"belushya guba,ru"
katsiveli,ua,43.67191498980759,34.26924030387397,"katsiveli,ua"
russell,nz,-29.873365979262516,177.4973995063878,"russell,nz"
louisbourg,ca,38.31760639740182,-56.46039290257481,"louisbourg,ca"
mataura,pf,-30.694653466214405,-151.30797364015189,"mataura,pf"
acapulco,mx,3.0332153045351333,-105.16813438747927,"acapulco,mx"
illoqqortoormiut,gl,79.65389307490545,-32.208282290592365,"illoqqortoormiut,gl"
tumannyy,ru,84.47977024067575,38.634968459735376,"tumannyy,ru"
nikolskoye,ru,38.5109462994717,173.19276462237224,"nikolskoye,ru"
galgani,sd,12.647526680140246,34.03774293776732,"galgani,sd"
belushya guba,ru,76.35174927707783,55.877662858979505,"belushya guba,ru"
belushya guba,ru,87.16875102056332,60.02396052154347,"belushya guba,ru"
nizhneyansk,ru,85.99954775734898,141.91192983948503,"nizhneyansk,ru"
mataura,pf,-78.47796086210127,-150.40072284166686,"mataura,pf"
taolanaro,mg,-76.98084452344459,59.37958714425412,"taolanaro,mg"
attawapiskat,ca,61.62786846671219,-78.07279790029327,"attawapiskat,ca"
tsihombe,mg,-39.314690616468994,44.78449397875005,"tsihombe,mg"
illoqqortoormiut,gl,87.14877786110293,-9.083299455195316,"illoqqortoormiut,gl"
tambura,sd,6.900752898847713,26.71802890681971,"tambura,sd"
illoqqortoormiut,gl,78.63731900674799,-21.7693508134804,"illoqqortoormiut,gl"
taolanaro,mg,-50.887791118954084,62.87445974662285,"taolanaro,mg"
nizhneyansk,ru,87.16886217454999,133.86877869599346,"nizhneyansk,ru"
eslamshahr,ir,35.374443020774976,51.253662296720506,"eslamshahr,ir"
mataura,pf,-85.17431416194944,-150.31755294610238,"mataura,pf"
mataura,pf,-30.496134029017007,-147.8380224965975,"mataura,pf"
nikolskoye,ru,49.50089024480354,177.59396096823303,"nikolskoye,ru"
nikolskoye,ru,35.21388987641902,179.3987789920235,"nikolskoye,ru"
faya,td,21.529482860621656,18.67849751960634,"faya,td"
taolanaro,mg,-43.30148267614164,52.99495017192879,"taolanaro,mg"
mys shmidta,ru,84.60333618056481,-174.63454362896613,"mys shmidta,ru"
vila,vu,-17.211146636294473,170.3620708205441,"vila,vu"
requena,pe,-5.633723242995941,-73.39511670401322,"requena,pe"
kleive,no,62.94996560418235,7.594238047011487,"kleive,no"
illoqqortoormiut,gl,83.3457708170514,-21.895884007660158,"illoqqortoormiut,gl"
belushya guba,ru,85.72773715536337,57.89397672936448,"belushya guba,ru"
mataura,pf,-83.43757481674909,-147.3777911438916,"mataura,pf"
mataura,pf,-56.208256172890785,-148.5986129845464,"mataura,pf"
barentsburg,sj,76.16822270557702,6.584448400954614,"barentsburg,sj"
tsihombe,mg,-35.67766610604647,45.050462017620646,"tsihombe,mg"
mataura,pf,-58.30058087341909,-157.30379803201492,"mataura,pf"
sorvag,fo,61.97246135075193,-9.125683154598875,"sorvag,fo"
mataura,pf,-59.35550675487502,-156.06973564317275,"mataura,pf"
airai,pw,17.41077174743748,144.25836845494683,"airai,pw"
mataura,pf,-79.58793942410375,-153.85660014739037,"mataura,pf"
mataura,pf,-87.04573094034286,-142.4192777160725,"mataura,pf"
pochutla,mx,11.773396567410543,-96.1687247147672,"pochutla,mx"
saint-georges,gf,6.273175718660028,-45.93167875323684,"saint-georges,gf"
zhezkazgan,kz,48.91225537228837,68.00156994597333,"zhezkazgan,kz"
mataura,pf,-35.00839447759436,-154.77766587697982,"mataura,pf"
hihifo,to,-14.545158483408656,-174.76162689295623,"hihifo,to"
labrea,br,-8.310799032274502,-64.88314749388307,"labrea,br"
taolanaro,mg,-29.50514634469475,50.3248912788232,"taolanaro,mg"
mataura,pf,-79.57366497940055,-149.99360407595648,"mataura,pf"
illoqqortoormiut,gl,89.36319389719881,-30.31062920304558,"illoqqortoormiut,gl"
airai,pw,17.79089190244696,135.827032658546,"airai,pw"
sakakah,sa,31.200529221276383,41.97219216746552,"sakakah,sa"
mataura,pf,-49.19846125790266,-147.15527439507468,"mataura,pf"
mataura,pf,-75.1427831267026,-144.35569123117503,"mataura,pf"
acapulco,mx,12.05500357271282,-101.61051723928105,"acapulco,mx"
taolanaro,mg,-86.21429661095507,64.41392788514509,"taolanaro,mg"
palaiokhora,gr,33.96298656181486,23.93251370863922,"palaiokhora,gr"
emba,kz,46.71295431674298,59.578628033659015,"emba,kz"
taolanaro,mg,-77.02773346466755,68.99374502480285,"taolanaro,mg"
taolanaro,mg,-60.303338822596494,61.64405941065064,"taolanaro,mg"
gat,ly,26.378719460762014,10.417945387907253,"gat,ly"
atsiki,gr,39.73790569654031,25.688460050945054,"atsiki,gr"
constitucion,mx,18.662845441655904,-121.74185518591231,"constitucion,mx"
mataura,pf,-73.83887238973975,-163.9256255887702,"mataura,pf"
avera,pf,-27.59537671670264,-153.17111532578187,"avera,pf"
milingimbi,au,-12.294709127047383,134.75325493225893,"milingimbi,au"
lata,sb,-7.203095410009155,166.721434279734,"lata,sb"
illoqqortoormiut,gl,88.16854168208278,-23.488386581227303,"illoqqortoormiut,gl"
mataura,pf,-77.81668400312812,-156.68774640489863,"mataura,pf"
mataura,pf,-65.84425180349629,-161.30670785085584,"mataura,pf"
tukrah,ly,32.68870740219583,21.28950036185094,"tukrah,ly"
mataura,pf,-47.36304914376713,-154.9190108372489,"mataura,pf"
saint anthony,ca,53.30337320224632,-53.253546159813126,"saint anthony,ca"
nikolskoye,ru,45.84998890726192,166.02774168553208,"nikolskoye,ru"
illoqqortoormiut,gl,86.44389622509121,-12.596962324402426,"illoqqortoormiut,gl"
taolanaro,mg,-73.52707287811833,62.09680294753184,"taolanaro,mg"
mataura,pf,-38.37897165694493,-146.11568126636715,"mataura,pf"
vila,vu,-17.384689757264198,167.7744149663875,"vila,vu"
mataura,pf,-43.497068344238315,-146.15027826424787,"mataura,pf"
jiddah,sa,21.387921686016313,38.474926648306706,"jiddah,sa"
taolanaro,mg,-59.02736891771652,60.78845388384829,"taolanaro,mg"
nikolskoye,ru,38.1860081661045,179.07974229549563,"nikolskoye,ru"
taolanaro,mg,-76.3398913901676,63.10886837915771,"taolanaro,mg"
tsihombe,mg,-33.86643075562015,44.209371627721936,"tsihombe,mg"
karamea,nz,-38.36264492040106,170.4099578423399,"karamea,nz"
emba,kz,47.8734951329057,58.436525764358095,"emba,kz"
attawapiskat,ca,57.374678055591545,-77.53357669943891,"attawapiskat,ca"
taolanaro,mg,-65.9018908464767,53.76047548508302,"taolanaro,mg"
marcona,pe,-20.020180070256202,-79.35465156562198,"marcona,pe"
taolanaro,mg,-78.85528379204521,62.96266253943875,"taolanaro,mg"
mataura,pf,-29.259344389483267,-146.2612023914227,"mataura,pf"
mataura,pf,-83.96292106820138,-152.41822020767538,"mataura,pf"
mataura,pf,-86.78235177574751,-154.77983504454468,"mataura,pf"
micomeseng,gq,2.3450042812374363,10.476236959974017,"micomeseng,gq"
mataura,pf,-52.4012121054347,-151.1962440873933,"mataura,pf"
sentyabrskiy,ru,42.621606392363134,155.04854421848927,"sentyabrskiy,ru"
sentyabrskiy,ru,40.196141127642534,156.39570343963624,"sentyabrskiy,ru"
mys shmidta,ru,86.96180227867362,-177.98931400359433,"mys shmidta,ru"
amderma,ru,79.49073686582221,62.91667242351906,"amderma,ru"
kaitangata,nz,-80.46219840611295,176.8215308892519,"kaitangata,nz"
barentsburg,sj,76.90280834655647,0.858118892051948,"barentsburg,sj"
palabuhanratu,id,-13.608247088383393,100.56069428491537,"palabuhanratu,id"
saleaula,ws,1.5514907824077682,-169.81669369780292,"saleaula,ws"
mataura,pf,-56.326422236678596,-148.2766198744367,"mataura,pf"
ekhabi,ru,54.10788364832905,146.94439952255493,"ekhabi,ru"
thano bula khan,pk,25.38136464860777,67.30420773688422,"thano bula khan,pk"
mataura,pf,-53.65778720419531,-157.9372936933211,"mataura,pf"
dromolaxia,cy,34.038311046852456,34.01068652264584,"dromolaxia,cy"
bosaso,so,10.594036504477302,48.26972134861393,"bosaso,so"
buqayq,sa,25.486984373602624,49.0814389145803,"buqayq,sa"
amderma,ru,73.82748678860247,58.47575327061443,"amderma,ru"
taolanaro,mg,-67.07321413089414,61.64971800795237,"taolanaro,mg"
himora,et,13.98533741390915,36.80501101163708,"himora,et"
tidore,id,-1.0650470233483844,126.17811208888236,"tidore,id"
amderma,ru,76.43408469894007,59.72933166744235,"amderma,ru"
mataura,pf,-29.708587666428322,-151.77016672392023,"mataura,pf"
kyzyl-suu,kg,42.5609887118529,77.92593463524412,"kyzyl-suu,kg"
nikolskoye,ru,41.44914445146284,172.08983622439752,"nikolskoye,ru"
vaitupu,wf,-10.959414057905548,-179.74328653346888,"vaitupu,wf"
nikolskoye,ru,35.45431483915682,177.76665696829514,"nikolskoye,ru"
yingzhong,cn,30.983005259259528,112.29724057644961,"yingzhong,cn"
umzimvubu,za,-35.03826376536172,31.227549009880846,"umzimvubu,za"
krasnoselkup,ru,62.83043757133001,81.96175903172502,"krasnoselkup,ru"
taolanaro,mg,-87.06697478916401,62.07909105135832,"taolanaro,mg"
amderma,ru,82.39488271969128,59.62458127672451,"amderma,ru"
barentsburg,sj,84.43636602793865,8.522295083485972,"barentsburg,sj"
mataura,pf,-58.71457399850986,-145.34879166248373,"mataura,pf"
mataura,pf,-50.7722315493232,-159.34324649266256,"mataura,pf"
pochutla,mx,10.556485280134567,-95.86824334952117,"pochutla,mx"
nizhneyansk,ru,75.4480235376783,136.4617103277397,"nizhneyansk,ru"
viligili,mv,-0.209751702792758,78.72996182920917,"viligili,mv"
kaitangata,nz,-61.85503226016692,176.75445541114038,"kaitangata,nz"
hervey bay,au,-22.689708220403617,157.84782655581535,"hervey bay,au"
bababe,mr,16.45061983093639,-14.024837629085852,"bababe,mr"
illoqqortoormiut,gl,81.8434991827124,-15.537759096112921,"illoqqortoormiut,gl"
san jeronimo,mx,8.528234428037436,-104.68320536400591,"san jeronimo,mx"
goderich,sl,7.010278910661214,-14.429557270457622,"goderich,sl"
lolua,tv,-6.521181413068149,173.45857861931898,"lolua,tv"
illoqqortoormiut,gl,78.12372968916549,-30.763417036163446,"illoqqortoormiut,gl"
nikolskoye,ru,37.34720648102109,176.592790713816,"nikolskoye,ru"
catamarca,ar,-29.344050293645182,-65.615686291733,"catamarca,ar"
barentsburg,sj,89.01700571565388,-0.316502125371926,"barentsburg,sj"
sault sainte marie,ca,46.67013565848427,-85.10130646028843,"sault sainte marie,ca"
saryshagan,kz,46.64544669191258,71.83317120556333,"saryshagan,kz"
oia,gr,36.38112216331422,25.17777205613578,"oia,gr"
barentsburg,sj,83.57766231816444,1.2868294899517707,"barentsburg,sj"
faya,td,16.47250861978611,17.834073622398904,"faya,td"
taolanaro,mg,-76.60328318665164,65.89593498005308,"taolanaro,mg"
sobolevo,ru,54.0174216648214,155.33378722070927,"sobolevo,ru"
sinkat,sd,17.908442809524345,35.91821944370287,"sinkat,sd"
saint-fabien,ca,48.53210635637532,-68.83562171514176,"saint-fabien,ca"
airai,pw,17.817685071446462,141.91613474409473,"airai,pw"
constitucion,mx,17.70125925321959,-120.86631074808152,"constitucion,mx"
mataura,pf,-88.94295537732582,-148.14101259515073,"mataura,pf"
tsihombe,mg,-40.91846917856404,48.42007094957495,"tsihombe,mg"
taolanaro,mg,-58.970924798180164,52.740939987109925,"taolanaro,mg"
kaitangata,nz,-75.63449012835137,177.05838050429708,"kaitangata,nz"
tsihombe,mg,-43.44573662302662,45.499081764824695,"tsihombe,mg"
hervey bay,au,-23.12665121194223,155.9515420376717,"hervey bay,au"
umzimvubu,za,-41.49579671570139,36.75495118312128,"umzimvubu,za"
dilla,et,6.434112235578439,37.93910872065371,"dilla,et"
codrington,ag,19.394588602305276,-60.95875971253531,"codrington,ag"
illoqqortoormiut,gl,77.3865475352111,-20.082015894392498,"illoqqortoormiut,gl"
vaitupu,wf,-11.493043030625529,-179.32428263337275,"vaitupu,wf"
barentsburg,sj,74.44942205770457,3.8896053190388216,"barentsburg,sj"
mataura,pf,-49.38531198264275,-151.15710689610913,"mataura,pf"
mataura,pf,-89.66683115389995,-158.77604639357847,"mataura,pf"
kuche,cn,38.07558434771448,83.50085948626304,"kuche,cn"
taolanaro,mg,-88.22308379512526,63.771142606658,"taolanaro,mg"
barentsburg,sj,88.26146255038392,4.5952930452377245,"barentsburg,sj"
barentsburg,sj,84.6694230889899,-2.880765687285333,"barentsburg,sj"
mataura,pf,-62.05339388892664,-159.93178811212167,"mataura,pf"
mataura,pf,-22.68448958100126,-148.88331051455776,"mataura,pf"
illoqqortoormiut,gl,77.5210548500344,-25.367048985670067,"illoqqortoormiut,gl"
tarudant,ma,30.960462533153546,-8.4036844932603,"tarudant,ma"
pljevlja,me,43.149813860518265,19.162716074483058,"pljevlja,me"
amapa,br,3.800309518008163,-49.626336840464404,"amapa,br"
mataura,pf,-84.7787890815924,-145.29978839153034,"mataura,pf"
kaitangata,nz,-75.12775889682374,179.47232710639128,"kaitangata,nz"
louisbourg,ca,39.782906176187595,-57.19357189175393,"louisbourg,ca"
mataura,pf,-81.47120401398537,-142.68645818352053,"mataura,pf"
taolanaro,mg,-63.56836395713992,59.87531275942297,"taolanaro,mg"
mataura,pf,-66.62810516920962,-147.07806303187124,"mataura,pf"
amderma,ru,68.89547687686729,58.847565877805636,"amderma,ru"
mataura,pf,-52.049418820304794,-148.1711612400113,"mataura,pf"
sentyabrskiy,ru,36.89943269766195,153.87742081660934,"sentyabrskiy,ru"
barentsburg,sj,75.11792188261057,9.021035967208036,"barentsburg,sj"
barbar,sd,17.1450193196344,34.29455103431235,"barbar,sd"
taolanaro,mg,-69.74263221712198,61.690822100097904,"taolanaro,mg"
mys shmidta,ru,81.61658565674966,-179.02342914517322,"mys shmidta,ru"
mersin,tr,36.75400207833046,34.56753827339239,"mersin,tr"
mys shmidta,ru,70.61410467082689,-177.12101808176092,"mys shmidta,ru"
bur gabo,so,-2.924114437140034,44.708655925703084,"bur gabo,so"
mataura,pf,-61.42557128356878,-146.6439653571064,"mataura,pf"
marcona,pe,-25.326307967287818,-88.30593790725287,"marcona,pe"
mangaluru,in,12.842239530837446,74.72157843584668,"mangaluru,in"
mataura,pf,-57.521413045264005,-154.06709856235796,"mataura,pf"
bereda,so,15.378989221904291,50.47850876933387,"bereda,so"
illoqqortoormiut,gl,81.130931470326,-32.10851195987857,"illoqqortoormiut,gl"
constitucion,mx,13.369857314707161,-128.93613813853437,"constitucion,mx"
grand river south east,mu,-21.522652199722202,73.09157725362024,"grand river south east,mu"
mataura,pf,-63.37127838991465,-159.19135206550084,"mataura,pf"
kaitangata,nz,-67.28285449594311,178.24903681783036,"kaitangata,nz"
meyungs,pw,11.098643505258508,132.64434209488456,"meyungs,pw"
payo,ph,17.702655942565926,128.3549076532869,"payo,ph"
mataura,pf,-36.916523226124205,-144.69578820096973,"mataura,pf"
taolanaro,mg,-83.01321262203808,67.16695624508867,"taolanaro,mg"
mataura,pf,-76.93515763989434,-154.50629784632523,"mataura,pf"
barentsburg,sj,86.52655754780082,4.466345759804199,"barentsburg,sj"
codrington,ag,19.19323279429446,-57.967176413371604,"codrington,ag"
taolanaro,mg,-60.98293397781389,53.740737118306185,"taolanaro,mg"
el balyana,eg,24.972742933018367,30.81347227626148,"el balyana,eg"
mataura,pf,-80.61538286715256,-143.84881057479015,"mataura,pf"
mataura,pf,-28.28383467408524,-146.47057120575894,"mataura,pf"
aflu,dz,34.906868532593904,1.0576509636192668,"aflu,dz"
mataura,pf,-49.71488988149726,-156.08090028342397,"mataura,pf"
taolanaro,mg,-65.14974207352887,53.3098438069473,"taolanaro,mg"
mataura,pf,-66.47682304495737,-148.34842844402112,"mataura,pf"
ciras,af,34.64503100838647,65.72724833011884,"ciras,af"
bolshaya atnya,ru,56.42022745358537,49.50210286349463,"bolshaya atnya,ru"
taolanaro,mg,-52.86319405862548,54.70627966449081,"taolanaro,mg"
nikolskoye,ru,35.78630456145892,170.10557635191316,"nikolskoye,ru"
tsihombe,mg,-48.89813436357208,48.96941458518745,"tsihombe,mg"
cheuskiny,ru,62.5063166813415,70.91824469348813,"cheuskiny,ru"
makat,kz,47.694259944829156,53.86220399828753,"makat,kz"
tarudant,ma,30.498581058680173,-9.18243318128583,"tarudant,ma"
mataura,pf,-40.132972293275216,-145.18597816662276,"mataura,pf"
bereda,so,14.179490423875137,51.780324365595305,"bereda,so"
taolanaro,mg,-33.72550819563489,48.20513743038731,"taolanaro,mg"
illoqqortoormiut,gl,80.61826005608665,-32.67536598704223,"illoqqortoormiut,gl"
japura,br,-1.0488664456414085,-70.92463504510678,"japura,br"
laa,at,48.629803071116925,16.29136165942373,"laa,at"
taolanaro,mg,-37.563460238980504,52.41472423552264,"taolanaro,mg"
nikolskoye,ru,52.32284683675945,173.0023288546891,"nikolskoye,ru"
kaitangata,nz,-58.38614078496109,174.39191766644188,"kaitangata,nz"
faya,td,22.902160859894124,20.31127536665113,"faya,td"
mataura,pf,-48.35836500436799,-146.28527641355592,"mataura,pf"
erenhot,cn,42.60319361516321,109.67268199656246,"erenhot,cn"
amapa,br,2.623011846253789,-51.06734724280392,"amapa,br"
yanan,cn,36.329586636053506,109.4337707243402,"yanan,cn"
lasa,cn,35.36958128898054,90.78577295652661,"lasa,cn"
rungata,ki,0.48948452610434856,177.07998453457986,"rungata,ki"
illoqqortoormiut,gl,81.73111979091885,-26.4278982225311,"illoqqortoormiut,gl"
sukhoverkovo,ru,56.5040292470824,35.86572845567534,"sukhoverkovo,ru"
mocuba,mz,-15.78481546249408,37.610137780087,"mocuba,mz"
illoqqortoormiut,gl,70.11565236036586,-22.741600904608106,"illoqqortoormiut,gl"
belushya guba,ru,89.22915388810148,46.33016470662761,"belushya guba,ru"
jiuquan,cn,38.421755413737,98.60247399984007,"jiuquan,cn"
saint anthony,ca,52.02231974568258,-56.78015916770201,"saint anthony,ca"
airai,pw,16.699195117527722,150.63931063841198,"airai,pw"
shchelyayur,ru,64.90226998931024,52.794871076727645,"shchelyayur,ru"
taolanaro,mg,-31.45903377041798,54.40557388179971,"taolanaro,mg"
saleaula,ws,-3.3158455310424415,-170.5436262391374,"saleaula,ws"
airai,pw,6.729765541945014,143.10887343159823,"airai,pw"
tsihombe,mg,-57.30714054145373,50.223941046833716,"tsihombe,mg"
lolua,tv,-5.544999828375765,173.03424011593825,"lolua,tv"
amderma,ru,82.79551794378727,59.564862097870105,"amderma,ru"
tubruq,ly,30.78276349049797,23.410762242866326,"tubruq,ly"
kaitangata,nz,-83.66159229932815,179.22215004837585,"kaitangata,nz"
buariki,ki,1.6383330932708304,167.3815116493854,"buariki,ki"
illoqqortoormiut,gl,80.0975719165557,-19.252907899734453,"illoqqortoormiut,gl"
tsihombe,mg,-44.926398201804865,48.81705332839863,"tsihombe,mg"
attawapiskat,ca,63.37710560349905,-87.04181113325932,"attawapiskat,ca"
nikolskoye,ru,57.49545505095793,168.01149181324877,"nikolskoye,ru"
ust-kamchatsk,ru,52.381524673709606,162.6385544778998,"ust-kamchatsk,ru"
odweyne,so,7.4659528056410664,45.03006606779863,"odweyne,so"
mataura,pf,-79.57349446292257,-159.07595746067298,"mataura,pf"
grand river south east,mu,-25.621854498850325,80.0702695369049,"grand river south east,mu"
asau,tv,-16.14056211404457,179.58467451997,"asau,tv"
mataura,pf,-70.4643010742041,-156.6470852767595,"mataura,pf"
ruwi,om,24.386056538552907,57.511741449902985,"ruwi,om"
amderma,ru,83.84669055283885,66.88678855110732,"amderma,ru"
taolanaro,mg,-57.944698339521956,54.05405012742614,"taolanaro,mg"
taolanaro,mg,-64.63626166501157,60.03688282002008,"taolanaro,mg"
nikolskoye,ru,44.977427634452084,167.01923277724313,"nikolskoye,ru"
taolanaro,mg,-81.47050819722975,65.12801215282411,"taolanaro,mg"
mataura,pf,-29.697950204118612,-150.3921564377937,"mataura,pf"
boma,cd,-6.169028689762428,13.029841776059726,"boma,cd"
barentsburg,sj,89.08893693421314,-4.242711224890911,"barentsburg,sj"
mys shmidta,ru,78.96432937247553,-174.1431972841164,"mys shmidta,ru"
taolanaro,mg,-50.24597950463405,56.97918110107324,"taolanaro,mg"
pundaguitan,ph,4.267849145648455,129.85821332390736,"pundaguitan,ph"
mataura,pf,-65.63848480291654,-145.31668180317175,"mataura,pf"
illoqqortoormiut,gl,84.86030768582711,-33.33800044810059,"illoqqortoormiut,gl"
bac lieu,vn,5.904093875890084,108.61690789622736,"bac lieu,vn"
mataura,pf,-66.65281123949262,-149.26635131827314,"mataura,pf"
mys shmidta,ru,82.5262724432034,-170.94164428257034,"mys shmidta,ru"
palabuhanratu,id,-18.035963090472194,96.83426905628244,"palabuhanratu,id"
mataura,pf,-23.343478336237922,-142.87852150359515,"mataura,pf"
codrington,ag,22.629473886610498,-53.05143992156481,"codrington,ag"
sakakah,sa,28.84179501425828,40.107509706968756,"sakakah,sa"
mataura,pf,-41.49788250233594,-155.30054632807463,"mataura,pf"
mataura,pf,-48.03352282351889,-148.39716630067608,"mataura,pf"
mataura,pf,-38.071224085198985,-153.80810174215458,"mataura,pf"
marcona,pe,-18.42597834865839,-76.85867838404302,"marcona,pe"
codrington,ag,23.143998414974078,-51.45883167245108,"codrington,ag"
illoqqortoormiut,gl,84.73047852905106,-32.540214614329244,"illoqqortoormiut,gl"
mataura,pf,-75.73269034034294,-148.2465984267766,"mataura,pf"
rawannawi,ki,4.000772267521697,177.51261683797645,"rawannawi,ki"
taolanaro,mg,-49.87289472810453,53.69099353283471,"taolanaro,mg"
belushya guba,ru,85.44399276205175,47.67266087277554,"belushya guba,ru"
mergui,mm,11.778932903754523,98.07230542065957,"mergui,mm"
taolanaro,mg,-54.07763681828004,57.012035140128575,"taolanaro,mg"
samusu,ws,-0.17147017548133192,-160.9841953160934,"samusu,ws"
codrington,ag,23.24536975420874,-54.450028466623976,"codrington,ag"
vaitupu,wf,0.34251213886170717,-175.62246500577803,"vaitupu,wf"
illoqqortoormiut,gl,81.14917070858235,-8.584218073020878,"illoqqortoormiut,gl"
kulzeb,ru,43.515446576172565,47.233715619531466,"kulzeb,ru"
illoqqortoormiut,gl,76.85707822645202,-12.598124529392749,"illoqqortoormiut,gl"
kristiinankaupunki,fi,62.00878178725512,21.47862065610238,"kristiinankaupunki,fi"
mys shmidta,ru,89.48121214489547,-176.97380297100037,"mys shmidta,ru"
taolanaro,mg,-74.83629718195098,65.42527498549745,"taolanaro,mg"
bosaso,so,12.485961049955648,48.636143545561396,"bosaso,so"
hatillo,us,20.65193441361542,-66.61650787137887,"hatillo,us"
tanshui,tw,26.228694281531773,121.60347300884035,"tanshui,tw"
vaitupu,wf,2.5440700419973865,-179.596594699701,"vaitupu,wf"
taolanaro,mg,-78.27234308953011,66.33138891796409,"taolanaro,mg"
barentsburg,sj,87.67021415881746,-2.101927376714798,"barentsburg,sj"
taolanaro,mg,-41.64823274710231,58.61080129095859,"taolanaro,mg"
duz,tn,33.47137143018003,8.955380148016815,"duz,tn"
belushya guba,ru,85.29054947281739,51.34288473104675,"belushya guba,ru"
liku,wf,-12.931205032631794,-174.52605574778948,"liku,wf"
codrington,ag,23.429011975530543,-48.88304393633072,"codrington,ag"
avera,pf,-23.02586778066363,-152.74765719297494,"avera,pf"
abu samrah,qa,23.736790466099706,51.67908611796875,"abu samrah,qa"
airai,pw,7.434898144693491,141.19848609424355,"airai,pw"
constitucion,mx,13.679589776052083,-123.55819715173743,"constitucion,mx"
uniao da victoria,br,-26.139561577258434,-51.38596945950968,"uniao da victoria,br"
mys shmidta,ru,71.61662237373255,-179.1774344926748,"mys shmidta,ru"
taolanaro,mg,-28.696400375588368,48.35856285278899,"taolanaro,mg"
kuche,cn,36.33766047863837,83.7094169760561,"kuche,cn"
mataura,pf,-86.10789875338465,-159.17991731263697,"mataura,pf"
akyab,mm,16.40973126429526,89.99436324817884,"akyab,mm"
ngukurr,au,-17.523775141317287,137.12495857718062,"ngukurr,au"
ihtiman,bg,42.457809259971555,23.752791617368302,"ihtiman,bg"
mataura,pf,-77.56130999488217,-152.24879148725626,"mataura,pf"
belushya guba,ru,76.37144719155037,49.694261698933616,"belushya guba,ru"
airai,pw,17.772917204293023,135.0820356470145,"airai,pw"
nikolskoye,ru,42.04341996406919,169.57337840513924,"nikolskoye,ru"
nikolskoye,ru,47.40944134285073,176.7234121016079,"nikolskoye,ru"
illoqqortoormiut,gl,80.92614700431739,-23.448948737875526,"illoqqortoormiut,gl"
barentsburg,sj,79.62188454054817,-1.4875132553434014,"barentsburg,sj"
temaraia,ki,-1.095995629926847,172.65952655087,"temaraia,ki"
old road,ag,16.721214788905215,-61.78223745619425,"old road,ag"
belushya guba,ru,85.23784313926521,50.10536573527082,"belushya guba,ru"
mataura,pf,-60.90008398644575,-151.001799570267,"mataura,pf"
illoqqortoormiut,gl,87.02814792412639,-31.656146334149042,"illoqqortoormiut,gl"
mataura,pf,-73.52766960414067,-143.55824196046805,"mataura,pf"
mataura,pf,-36.606560223930714,-148.91233690595232,"mataura,pf"
nizhneyansk,ru,82.14688460213722,142.49810509447985,"nizhneyansk,ru"
tanjong karang,my,3.0810899041290014,100.78151233085907,"tanjong karang,my"
khanion tou kokkini,gr,35.47585228577702,25.22822826348417,"khanion tou kokkini,gr"
nguiu,au,-8.995281019288612,130.38358409064205,"nguiu,au"
barentsburg,sj,79.78153742863714,-3.0787616670637874,"barentsburg,sj"
illoqqortoormiut,gl,86.7215402686623,-26.90820683257806,"illoqqortoormiut,gl"
nikolskoye,ru,41.99469638195694,176.85540251162786,"nikolskoye,ru"
palabuhanratu,id,-17.218469544210365,101.01579610898204,"palabuhanratu,id"
taolanaro,mg,-82.69317434374905,62.90986492095794,"taolanaro,mg"
tecpan,mx,15.892572273565648,-101.44189520867164,"tecpan,mx"
codrington,ag,26.02128044196094,-55.038197479800004,"codrington,ag"
belushya guba,ru,80.94952911149448,51.48031684611047,"belushya guba,ru"
jalu,ly,27.07335264154817,25.05763939883073,"jalu,ly"
taolanaro,mg,-63.635325752910404,58.18765250820769,"taolanaro,mg"
sorvag,fo,61.67218628693021,-9.944003918746517,"sorvag,fo"
mataura,pf,-34.03966686467392,-153.72272444340985,"mataura,pf"
taolanaro,mg,-82.92913108949134,64.33577473406282,"taolanaro,mg"
sri aman,my,0.3614417936135368,110.89301944948647,"sri aman,my"
fort saint john,ca,57.25218114996747,-121.38948162778502,"fort saint john,ca"
barentsburg,sj,79.41350385895845,8.007121438611705,"barentsburg,sj"
balimo,pg,-8.292913797936862,142.62624060611734,"balimo,pg"
tumannyy,ru,76.68338609562181,38.385198618347346,"tumannyy,ru"
paytug,uz,41.1384327875933,72.5900418341831,"paytug,uz"
ust-kamchatsk,ru,55.31373987446452,161.73629425017748,"ust-kamchatsk,ru"
raga,sd,8.950721053803306,24.01959248959082,"raga,sd"
samalaeulu,ws,1.7734419328366329,-163.39233829718557,"samalaeulu,ws"
tumannyy,ru,75.39960993204832,35.61048962010952,"tumannyy,ru"
hunza,pk,36.78061464361467,74.58390913996288,"hunza,pk"
mataura,pf,-45.590422248795214,-151.3432703323714,"mataura,pf"
holme,no,59.021726226543876,2.7246302444235937,"holme,no"
taolanaro,mg,-41.685552596110334,55.01284151931867,"taolanaro,mg"
grand river south east,mu,-25.870962339338448,79.19611176355414,"grand river south east,mu"
saleaula,ws,0.5893347611650483,-170.74241120000147,"saleaula,ws"
barentsburg,sj,81.64689113261869,4.391612477700534,"barentsburg,sj"
jalu,ly,25.519816435841534,23.432637601776577,"jalu,ly"
karakendzha,tj,39.237818671420484,72.09837241004732,"karakendzha,tj"
saryshagan,kz,45.80804757859565,73.81910399957209,"saryshagan,kz"
saleaula,ws,-0.3139461068847851,-167.4111037101614,"saleaula,ws"
belushya guba,ru,89.06626425435144,56.00372443411587,"belushya guba,ru"
tucuman,ar,-25.96099347305585,-65.27416402985578,"tucuman,ar"
mahadday weyne,so,3.4496760819251904,45.03328024173888,"mahadday weyne,so"
taolanaro,mg,-47.821694537022154,57.442683482084306,"taolanaro,mg"
haibowan,cn,41.19110296364039,107.2102091852181,"haibowan,cn"
taolanaro,mg,-57.25389349980992,55.316592183822536,"taolanaro,mg"
tsihombe,mg,-55.82737647781889,50.03543272878551,"tsihombe,mg"
illoqqortoormiut,gl,74.86604625343568,-25.01234423402687,"illoqqortoormiut,gl"
tongzi,cn,28.09046330201356,107.04970100375789,"tongzi,cn"
babanusah,sd,11.975412083885502,28.3627682011373,"babanusah,sd"
mataura,pf,-74.61266912666042,-162.51091341884313,"mataura,pf"
airai,pw,9.875410568630485,136.66288316657915,"airai,pw"
constitucion,mx,18.233445604443205,-121.8705336301666,"constitucion,mx"
pousat,kh,12.419639852459824,103.9373983540383,"pousat,kh"
gurdaspur,in,32.00455583209198,75.54156882587321,"gurdaspur,in"
itarema,br,5.978949273112335,-37.87351065533784,"itarema,br"
jabiru,au,-12.88053652810315,132.26903252609992,"jabiru,au"
mocambique,mz,-15.800675032860383,42.09711119368714,"mocambique,mz"
alotau,pg,-9.262456430503605,149.87236027257342,"alotau,pg"
codrington,ag,25.891335733989607,-56.75591614195601,"codrington,ag"
tsihombe,mg,-56.479694787461646,49.139775827561266,"tsihombe,mg"
codrington,ag,24.99482246192437,-54.32110348849936,"codrington,ag"
nioro,ml,16.6721572839144,-9.619542941576412,"nioro,ml"
mataura,pf,-58.301076219963704,-150.4098831026232,"mataura,pf"
mataura,pf,-56.99463101703108,-144.68062250695456,"mataura,pf"
hervey bay,au,-24.52245460220638,155.28414980918024,"hervey bay,au"
wahran,dz,36.001275762074854,-0.7679439472451293,"wahran,dz"
attawapiskat,ca,69.73632457951118,-86.08979566331858,"attawapiskat,ca"
mataura,pf,-75.30513912476346,-141.34086740949576,"mataura,pf"
nau,tj,40.201985548469395,69.38640360517905,"nau,tj"
mataura,pf,-23.286894069764912,-146.139157935778,"mataura,pf"
taolanaro,mg,-57.165630280401786,64.35904676944597,"taolanaro,mg"
mataura,pf,-35.92386342008046,-147.615869438476,"mataura,pf"
mataura,pf,-68.2661651329061,-150.84210156643837,"mataura,pf"
lata,sb,-8.513270743554187,164.04870484834692,"lata,sb"
nizhneyansk,ru,80.59536924216124,133.67466213189522,"nizhneyansk,ru"
horodkivka,ua,48.25538508417387,28.615331160463995,"horodkivka,ua"
vaitupu,wf,5.141693665528351,-174.55198068667175,"vaitupu,wf"
attawapiskat,ca,55.7213350462944,-79.6268025415112,"attawapiskat,ca"
karistos,gr,37.60050113382478,24.510973555391757,"karistos,gr"
lata,sb,-5.556730666990418,166.99627440836235,"lata,sb"
mataura,pf,-71.32947540121114,-148.91756783425456,"mataura,pf"
nikolskoye,ru,50.30461241307373,167.04671988620106,"nikolskoye,ru"
nizhneyansk,ru,89.30775610381778,139.4886257881991,"nizhneyansk,ru"
saleaula,ws,1.3026035851936086,-169.70428677528693,"saleaula,ws"
belushya guba,ru,78.41343137655116,51.96373705386662,"belushya guba,ru"
mataura,pf,-77.83152768195988,-149.09748933939508,"mataura,pf"
nizhneyansk,ru,89.96976265453159,141.15543227887076,"nizhneyansk,ru"
labutta,mm,14.19018755812661,94.1918563312521,"labutta,mm"
ngukurr,au,-16.816864638226647,135.31920998774507,"ngukurr,au"
gat,ly,25.709195011434446,10.294076083500443,"gat,ly"
hunza,pk,37.163806408051855,73.94167230248175,"hunza,pk"
saint paul,ca,55.0481681640193,-111.6792536132953,"saint paul,ca"
constitucion,mx,18.069579555687156,-120.35048844794085,"constitucion,mx"
taolanaro,mg,-52.634165060896684,54.401549061185705,"taolanaro,mg"
taolanaro,mg,-85.38231806941732,72.73026501797744,"taolanaro,mg"
macaboboni,ph,16.915759502511378,116.90702352941798,"macaboboni,ph"
nizhneyansk,ru,75.77004072052753,135.325213722076,"nizhneyansk,ru"
taolanaro,mg,-79.94114466603085,73.63491419373918,"taolanaro,mg"
palabuhanratu,id,-13.012042536381955,104.13531380540871,"palabuhanratu,id"
kuche,cn,39.02793639714943,83.96040898219985,"kuche,cn"
mataura,pf,-70.63910288531999,-155.1654082679094,"mataura,pf"
babanusah,sd,11.0744928905454,25.489445430837094,"babanusah,sd"
toliary,mg,-26.914666878236993,40.377792698741615,"toliary,mg"
mataura,pf,-57.60329760072376,-153.3411092708731,"mataura,pf"
nikolskoye,ru,50.93541507978705,169.79316555071108,"nikolskoye,ru"
olafsvik,is,62.47757780646788,-28.383077179711478,"olafsvik,is"
